No,Datetime,NOx(µg/Nm3},SO2(µg/Nm3},O3(µg/Nm3},PM-10(µg/Nm3},PM-2-5(µg/Nm3},NO(µg/Nm3},NO2(µg/Nm3},CO(mg/Nm3},Áp su?t khí quy?n(hPa},InnerTemp(oC},,,,,
1480,13:00 04/03/2024,17.7358,2.2775,19.5708,117.4808,99.89,6.9875,10.7492,3231.4917,1006.2883,28.1108,,,,,
1481,14:00 04/03/2024,13.9658,2.2125,24.47,128.6258,95.9825,4.5483,9.415,3166.8883,1004.7258,28.2117,,,,,
1482,15:00 04/03/2024,12.4125,2.2317,36.4325,131.2917,96.2467,3.64,8.7717,3172.2875,1003.4217,27.2175,,,,,
1483,16:00 04/03/2024,11.0,2.22,33.4008,124.5117,96.1808,2.64,8.3583,3092.74,1002.7042,26.7708,,,,,
1484,17:00 04/03/2024,12.0283,2.3825,31.4025,117.4125,92.945,2.4925,9.535,3150.9008,1002.6717,27.105,,,,,
1485,18:00 04/03/2024,10.2725,2.59,36.0108,117.6783,95.0317,2.2092,8.0625,3087.0958,1002.9983,27.5508,,,,,
1486,19:00 04/03/2024,15.9017,2.6358,29.92,101.3208,83.5292,5.0408,10.8592,3529.6267,1003.365,28.3,,,,,
1487,20:00 04/03/2024,25.2508,2.1983,11.9375,106.2117,76.2425,5.5642,19.685,3477.2833,1004.0475,28.5825,,,,,
1488,21:00 04/03/2024,31.9675,2.165,16.4567,136.1867,76.1008,11.9792,19.9875,3507.5733,1004.6667,28.5292,,,,,
1489,22:00 04/03/2024,31.4733,2.3575,14.0158,167.5383,97.0442,11.8625,19.6108,3598.1975,1004.9925,28.4825,,,,,
1490,23:00 04/03/2024,34.5467,2.3758,16.2692,179.1858,106.6467,14.22,20.3283,3750.3983,1005.0492,27.6933,,,,,
1491,00:00 05/03/2024,43.4742,2.3958,16.8167,184.8333,105.7508,23.61,19.8642,3740.3917,1004.9917,27.465,,,,,
1492,01:00 05/03/2024,45.6033,2.7558,19.6117,191.8617,105.3817,22.7233,22.8808,4317.26,1004.625,27.4842,,,,,
1493,02:00 05/03/2024,41.8117,3.4958,19.8292,204.5625,122.4233,19.6658,22.1458,4446.0592,1004.0217,27.5317,,,,,
1494,03:00 05/03/2024,47.5017,3.6917,19.0308,216.0908,130.91,24.8658,22.6342,4432.8025,1003.8492,28.1283,,,,,
1495,04:00 05/03/2024,37.4917,3.945,20.595,232.3808,138.8983,15.5308,21.9575,4488.2933,1003.6283,28.325,,,,,
1496,05:00 05/03/2024,26.7192,3.19,19.5667,261.7575,142.8925,8.205,18.5117,3628.7508,1003.9408,28.3325,,,,,
1497,06:00 05/03/2024,22.1367,3.0558,16.9317,278.1358,143.09,8.16,13.975,3653.11,1004.5542,28.4233,,,,,
1498,07:00 05/03/2024,17.8175,3.2742,20.245,278.2792,129.8258,8.0067,9.8075,3558.0433,1005.1825,27.7325,,,,,
1499,08:00 05/03/2024,21.75,3.1308,19.6167,273.5917,108.6492,10.5725,11.1775,3804.0033,1005.9083,27.3392,,,,,
1500,09:00 05/03/2024,20.62,3.6183,19.1508,268.19,115.0833,8.5692,12.0517,3544.3175,1006.6025,27.255,,,,,
1501,10:00 05/03/2024,17.3383,3.74,23.0792,227.3275,107.8283,6.8342,10.505,3115.1417,1006.7075,27.1667,,,,,
1502,11:00 05/03/2024,12.8808,4.4242,33.605,212.9808,120.1442,4.4183,8.4617,3104.315,1006.3817,28.2358,,,,,
1503,12:00 05/03/2024,14.0325,4.055,49.8367,174.1,115.6417,4.0375,9.995,3454.8917,1005.2675,28.8958,,,,,
1504,13:00 05/03/2024,11.4367,3.6417,72.6117,164.1408,111.4842,2.5483,8.8908,3260.4467,1003.81,29.2225,,,,,
1505,14:00 05/03/2024,10.8017,3.3858,77.3908,182.4658,128.7175,2.48,8.3208,3251.0108,1002.5908,29.9717,,,,,
1506,15:00 05/03/2024,9.9,3.1292,101.6858,191.79,144.1883,2.1467,7.7542,3184.3217,1001.4925,28.8892,,,,,
1507,16:00 05/03/2024,9.7242,2.9158,82.5733,195.9742,157.5042,2.135,7.5908,3173.9133,1001.0325,27.8158,,,,,
1508,17:00 05/03/2024,10.3108,2.8083,117.3592,186.5192,144.9008,2.2967,8.015,3361.3433,1000.8167,27.4458,,,,,
1509,18:00 05/03/2024,10.6245,2.4309,169.3,232.28,179.3909,2.15,8.4755,3472.4891,1000.8855,27.8436,,,,,
1510,19:00 05/03/2024,10.7192,2.1233,77.8525,231.6275,172.7733,2.3558,8.3658,3069.2133,1001.3725,28.9792,,,,,
1511,20:00 05/03/2024,11.2758,2.5975,10.785,225.7017,170.7233,2.3758,8.9,3266.2675,1002.225,29.1733,,,,,
1512,21:00 05/03/2024,11.2508,2.8058,51.2192,226.0917,147.0483,2.295,8.9558,3272.8633,1002.8642,29.0617,,,,,
1513,22:00 05/03/2024,12.5492,2.7492,38.3658,253.0708,162.3275,2.5875,9.9617,3268.2733,1003.215,29.0108,,,,,
1514,23:00 05/03/2024,9.6492,2.4717,60.7142,231.65,136.9533,2.2117,7.435,3009.7208,1003.3992,27.6567,,,,,
1515,00:00 06/03/2024,8.1233,1.8742,38.0625,170.1708,81.8233,2.1233,6.0017,3027.8033,1003.1558,26.8958,,,,,
1516,01:00 06/03/2024,9.1033,1.9967,20.6792,121.94,54.7925,2.0108,7.0942,2939.0425,1002.83,27.0442,,,,,
1517,02:00 06/03/2024,11.2617,2.1742,15.055,95.8508,50.3442,1.965,9.2958,2698.5875,1002.6542,27.16,,,,,
1518,03:00 06/03/2024,10.7127,2.1464,11.7709,83.4573,50.8873,3.1355,7.5782,2804.2327,1002.7273,28.3645,,,,,
1519,04:00 06/03/2024,9.515,2.5308,23.0017,80.6525,55.0667,4.0617,5.4517,2757.3975,1002.8892,28.7917,,,,,
1520,05:00 06/03/2024,12.3317,2.3392,20.7408,79.7667,57.4258,4.1858,8.1475,2808.1142,1003.6108,28.7833,,,,,
1521,06:00 06/03/2024,13.6433,2.0742,18.5425,80.2133,54.56,4.3517,9.2925,2414.0158,1004.76,28.745,,,,,
1522,07:00 06/03/2024,21.9217,1.7933,37.5942,102.415,44.7058,9.41,12.5133,3256.4325,1006.2383,27.4917,,,,,
1523,08:00 06/03/2024,18.6842,2.0075,28.9767,105.2425,42.6225,7.2783,11.405,3270.4933,1007.7717,27.0817,,,,,
1524,09:00 06/03/2024,17.1908,1.9642,44.3433,115.2792,54.0092,5.3608,11.8292,3021.7358,1009.0325,26.9508,,,,,
1525,10:00 06/03/2024,15.8892,1.98,40.6225,110.03,56.8592,4.3192,11.57,2828.5217,1009.9033,26.8008,,,,,
1526,11:00 06/03/2024,14.2267,2.2175,15.0908,104.0192,65.5583,3.95,10.275,3069.2125,1009.9675,28.3833,,,,,
1527,12:00 06/03/2024,14.64,2.4417,35.1883,98.82,77.4442,4.2133,10.4258,3116.2,1009.4583,29.0433,,,,,
1528,13:00 06/03/2024,10.79,2.425,43.1533,112.565,68.57,3.085,7.7067,2937.965,1008.595,29.1417,,,,,
1529,14:00 06/03/2024,10.4308,2.5483,24.4658,134.2908,67.6267,2.67,7.7625,2827.6067,1007.6708,29.1642,,,,,
1530,15:00 06/03/2024,7.67,2.9458,52.6342,139.6983,77.405,2.0892,5.5808,2875.3625,1006.9242,28.0408,,,,,
1531,16:00 06/03/2024,7.3208,3.2267,40.9192,129.0817,80.4483,1.9192,5.4025,2857.0708,1006.6708,27.9992,,,,,
1532,17:00 06/03/2024,8.7783,2.64,46.9133,124.9033,85.5217,2.35,6.4275,2998.7858,1006.5875,28.1508,,,,,
1533,18:00 06/03/2024,8.96,2.7358,39.3433,135.1033,96.8125,2.2792,6.68,2903.4258,1006.9642,27.9833,,,,,
1534,19:00 06/03/2024,9.4875,2.7667,10.2233,129.7008,97.2825,2.1367,7.3475,2890.1083,1007.8875,28.7583,,,,,
1535,20:00 06/03/2024,9.7758,2.5875,17.3867,117.375,79.4792,2.535,7.2408,2927.9575,1009.2542,28.8175,,,,,
1536,21:00 06/03/2024,6.2592,2.5417,28.5425,112.015,50.355,1.8958,4.365,2853.0642,1010.4775,28.6125,,,,,
1537,22:00 06/03/2024,6.6408,2.285,32.225,89.1308,24.6183,1.7767,4.8625,2832.8283,1011.04,28.5467,,,,,
1538,23:00 06/03/2024,6.2633,2.1333,37.1217,89.0142,20.5542,1.7292,4.5333,2619.9367,1011.3867,27.3392,,,,,
1539,00:00 07/03/2024,6.4417,2.1308,33.9742,83.4758,20.2958,1.7867,4.655,2870.4258,1011.57,27.0433,,,,,
1540,01:00 07/03/2024,6.5408,2.1775,31.725,78.0567,20.5667,2.0,4.54,2877.2333,1011.4633,27.1358,,,,,
1541,02:00 07/03/2024,6.3925,2.24,23.1925,67.9258,15.9092,1.7183,4.6825,2868.4125,1011.0725,27.0925,,,,,
1542,03:00 07/03/2024,6.886,2.213,26.92,70.77,37.641,1.917,4.97,2544.611,1011.061,28.091,,,,,
1543,04:00 07/03/2024,7.315,2.0675,24.3533,72.3317,41.995,1.6067,5.7075,2824.1667,1011.1525,28.16,,,,,
1544,05:00 07/03/2024,8.47,2.1933,27.0717,73.495,48.4225,1.9592,6.5142,2892.1883,1011.5842,28.29,,,,,
1545,06:00 07/03/2024,12.6217,2.6608,24.8033,77.0342,50.5408,3.8917,8.7292,2696.055,1012.3442,28.2942,,,,,
1546,07:00 07/03/2024,14.0425,2.4608,22.5792,86.3017,53.775,3.6267,10.4142,3225.3892,1013.2842,27.4808,,,,,
1547,08:00 07/03/2024,21.0983,2.3617,19.2767,98.4708,65.4375,7.1308,13.9667,3543.82,1014.2592,27.2483,,,,,
1548,09:00 07/03/2024,17.8467,2.215,19.6575,103.6533,78.3133,4.975,12.8717,3119.4917,1015.2842,27.1067,,,,,
1549,10:00 07/03/2024,13.6142,2.5283,17.2025,98.3908,79.2092,3.4092,10.205,3057.3917,1015.8733,27.0375,,,,,
1550,11:00 07/03/2024,11.835,3.8625,22.28,86.8042,69.4817,2.77,9.0675,2963.8808,1015.8683,27.9417,,,,,
1551,12:00 07/03/2024,15.0833,4.6033,31.8,80.1733,62.4725,4.65,10.435,3092.0525,1015.3592,28.2108,,,,,
1552,13:00 07/03/2024,13.0683,6.1258,30.7125,81.4408,55.9192,2.5892,10.4775,2888.745,1014.5408,28.3508,,,,,
1553,14:00 07/03/2024,16.2233,7.6483,7.365,83.9558,68.5592,3.6358,12.585,3003.2583,1013.5942,28.425,,,,,
1554,15:00 07/03/2024,18.9783,10.6783,20.22,112.2833,56.4167,4.0317,14.9483,3097.84,1013.0392,27.2875,,,,,
1555,16:00 07/03/2024,14.5467,7.5408,27.4775,130.7692,46.1775,2.88,11.6675,3101.5833,1012.76,26.6908,,,,,
1556,17:00 07/03/2024,12.735,4.9417,27.215,148.9642,63.1625,2.4775,10.2583,3135.6825,1012.6233,26.945,,,,,
1557,18:00 07/03/2024,11.59,3.4375,21.1775,159.02,100.2742,2.6383,8.9542,3141.725,1012.9217,27.1083,,,,,
1558,19:00 07/03/2024,11.17,3.395,24.5275,173.63,120.4908,2.6375,8.53,2908.5333,1013.7917,28.115,,,,,
1559,20:00 07/03/2024,13.435,3.4042,18.5067,161.0158,104.6933,3.0592,10.3758,2913.9967,1014.7667,28.2925,,,,,
1560,21:00 07/03/2024,9.8725,2.9358,25.515,136.7725,80.9475,2.805,7.0692,2854.12,1015.755,28.2383,,,,,
1561,22:00 07/03/2024,8.4225,2.69,25.5475,122.0933,71.2225,2.7708,5.6525,2835.6675,1016.2558,28.2942,,,,,
1562,23:00 07/03/2024,6.8592,2.4858,27.2108,112.6242,71.9617,2.6508,4.2083,2846.6575,1016.3183,27.6408,,,,,
1563,00:00 08/03/2024,7.6833,2.4942,25.4075,112.39,73.7358,2.9383,4.7433,2877.1342,1016.0883,27.4058,,,,,
1564,01:00 08/03/2024,7.9208,2.1533,26.2842,105.2517,70.4825,3.0617,4.8567,2915.4,1015.7125,27.3558,,,,,
1565,02:00 08/03/2024,9.05,2.8608,23.3917,100.9042,70.3492,3.0575,5.9917,2922.7983,1015.355,27.4033,,,,,
1566,03:00 08/03/2024,9.0117,2.3183,20.9867,98.0592,61.1642,3.1617,5.8508,2612.3425,1015.1708,28.1117,,,,,
1567,04:00 08/03/2024,8.3817,1.9542,17.1917,107.8308,69.1192,2.815,5.5667,2584.6317,1015.0142,28.315,,,,,
1568,05:00 08/03/2024,10.1125,1.8683,19.08,108.9892,78.7533,3.5308,6.58,2604.85,1015.4467,28.3508,,,,,
1569,06:00 08/03/2024,12.9425,1.8858,15.7958,111.5192,73.9742,4.5283,8.4142,2896.1042,1016.2158,28.3592,,,,,
1570,07:00 08/03/2024,14.8425,2.0283,14.1617,118.8775,62.8225,5.2908,9.5492,2987.3533,1017.005,27.7975,,,,,
1571,08:00 08/03/2024,16.2842,1.85,13.75,126.7667,62.4367,4.695,11.5875,3227.9592,1017.9142,27.5367,,,,,
1572,09:00 08/03/2024,14.8267,2.1225,16.08,128.095,68.44,4.525,10.3,3247.2408,1018.7425,27.425,,,,,
1573,10:00 08/03/2024,14.2725,2.6533,20.2733,126.6675,77.62,4.0,10.2725,3131.145,1018.8783,27.485,,,,,
1574,11:00 08/03/2024,19.3733,5.0308,21.5975,113.9908,76.1575,5.1075,13.9217,2813.4133,1018.7633,28.1342,,,,,
1575,12:00 08/03/2024,20.1875,7.45,19.835,119.1192,79.2383,4.8458,15.3408,3027.8467,1018.0692,28.27,,,,,
1576,13:00 08/03/2024,18.335,7.1158,22.07,129.0717,72.6675,4.6067,13.73,2790.9642,1016.9958,28.2267,,,,,
1577,14:00 08/03/2024,20.1283,5.49,21.985,141.9975,75.2325,4.9725,15.1558,3102.2883,1015.93,28.2883,,,,,
1578,15:00 08/03/2024,21.3817,7.3708,19.92,134.04,76.83,5.3392,16.0425,3125.5642,1015.0,27.6233,,,,,
1579,16:00 08/03/2024,23.9217,10.865,22.14,169.5408,107.7058,5.8558,18.0675,3306.0933,1014.5158,27.3917,,,,,
1580,17:00 08/03/2024,30.2483,12.6508,17.0717,174.3342,110.7242,8.5758,21.67,3590.5617,1014.4425,27.3192,,,,,
1581,18:00 08/03/2024,23.1175,10.5008,21.2325,189.8958,133.34,5.2325,17.8875,3561.0942,1014.7392,27.3133,,,,,
1582,19:00 08/03/2024,17.8618,8.5391,17.5336,217.0109,158.6664,3.0073,14.8545,3203.0873,1014.9264,28.0109,,,,,
1583,20:00 08/03/2024,18.38,6.3708,16.555,235.0675,168.8392,3.4542,14.9258,3278.745,1015.63,28.1825,,,,,
1584,21:00 08/03/2024,11.6758,4.2592,22.6483,232.3433,144.6125,3.295,8.3817,2986.7542,1016.265,28.2775,,,,,
1585,22:00 08/03/2024,11.22,3.3842,19.9592,202.1667,124.8617,3.2625,7.9575,2981.2583,1016.5817,28.2367,,,,,
1586,23:00 08/03/2024,10.0133,3.3608,19.9425,171.315,96.6183,3.3042,6.7125,2849.99,1016.6833,27.8083,,,,,
1587,00:00 09/03/2024,9.4192,3.1825,18.8642,152.4667,94.5817,3.3192,6.1017,2822.5642,1016.4433,27.5317,,,,,
1588,01:00 09/03/2024,10.3792,3.3192,14.2183,139.0708,88.6483,3.4283,6.9492,2837.9675,1016.2508,27.5467,,,,,
1589,02:00 09/03/2024,11.1483,3.7892,12.13,128.4775,82.4833,3.4692,7.6783,2839.0042,1015.895,27.4917,,,,,
1590,03:00 09/03/2024,12.19,4.5117,10.3092,133.57,88.9208,3.405,8.785,2806.8083,1015.4725,28.1308,,,,,
1591,04:00 09/03/2024,13.44,4.9767,9.5275,138.8233,89.3433,3.3583,10.0817,2821.3458,1015.1533,28.2683,,,,,
1592,05:00 09/03/2024,15.1425,5.65,6.2425,136.25,89.5825,3.5833,11.5575,2874.865,1015.0925,28.2733,,,,,
1593,06:00 09/03/2024,17.4008,6.7308,5.8233,119.1117,84.3433,4.14,13.26,2977.8142,1015.5533,28.2675,,,,,
1594,07:00 09/03/2024,14.2417,4.8758,8.82,110.255,69.7483,3.6933,10.5483,3028.7067,1016.1142,27.9617,,,,,
1595,08:00 09/03/2024,11.3542,3.6067,15.48,108.8717,59.8458,3.9475,7.4092,3162.6575,1016.6933,27.6375,,,,,
1596,09:00 09/03/2024,10.3742,2.2267,15.4358,124.9192,83.4942,3.7225,6.6517,2517.0725,1017.4717,27.5525,,,,,
1597,10:00 09/03/2024,12.255,2.7975,11.9767,144.1042,91.0233,4.48,7.7742,3066.6592,1018.28,27.5317,,,,,
1598,11:00 09/03/2024,14.0575,2.6017,15.1925,132.1758,84.5033,4.4817,9.5758,3045.21,1018.0475,28.1667,,,,,
1599,12:00 09/03/2024,15.9308,2.5783,13.2058,102.91,82.4258,5.0833,10.8475,3172.3383,1017.1808,28.1983,,,,,
1600,13:00 09/03/2024,14.9483,2.42,17.0258,97.0383,82.0792,4.5692,10.3817,3088.375,1016.1667,28.2283,,,,,
1601,14:00 09/03/2024,12.76,2.3483,18.7208,108.5008,79.6917,4.0383,8.7217,3014.3475,1014.9208,28.2217,,,,,
1602,15:00 09/03/2024,12.8467,2.2158,18.1117,120.3208,87.1942,4.2308,8.6158,3076.5108,1014.1458,27.7725,,,,,
1603,16:00 09/03/2024,11.24,2.2675,19.0925,124.7042,92.0492,3.9475,7.2908,3055.2142,1013.8425,27.4075,,,,,
1604,17:00 09/03/2024,13.63,2.4408,13.9442,118.99,90.8333,4.79,8.8392,2960.18,1013.8958,27.4542,,,,,
1605,18:00 09/03/2024,17.3433,4.1708,10.1575,113.0292,86.2725,4.5958,12.7467,3248.1008,1014.2533,27.47,,,,,
1606,19:00 09/03/2024,17.84,4.4883,6.68,109.7817,78.0617,4.7783,13.0592,3259.4325,1014.665,28.13,,,,,
1607,20:00 09/03/2024,19.105,5.2583,5.2308,107.3092,71.4867,5.305,13.7983,3224.2575,1015.4317,28.23,,,,,
1608,21:00 09/03/2024,15.5758,4.9067,5.565,109.0833,67.2033,4.4275,11.1517,3175.4433,1016.165,28.235,,,,,
1609,22:00 09/03/2024,14.0458,4.845,6.0517,110.605,59.1933,4.6117,9.4333,3181.94,1016.7892,28.2283,,,,,
1610,23:00 09/03/2024,10.2367,3.305,7.2808,115.5267,62.125,3.5883,6.6492,3059.35,1017.0475,27.955,,,,,
1611,00:00 10/03/2024,9.63,3.0867,8.7767,93.9642,59.6783,3.8592,5.7717,3020.09,1016.8858,27.7092,,,,,
1612,01:00 10/03/2024,8.9975,2.7742,8.4342,72.6442,52.6267,3.725,5.2733,2971.9175,1016.7258,27.6425,,,,,
1613,02:00 10/03/2024,7.8633,3.89,7.6625,60.6233,46.8533,2.9817,4.8808,2973.6092,1016.3617,27.7542,,,,,
1614,03:00 10/03/2024,9.6783,3.3908,8.2475,55.4292,42.7483,3.6433,6.035,2933.6242,1016.4717,28.2983,,,,,
1615,04:00 10/03/2024,8.2192,2.7892,10.2025,49.715,39.1233,3.2033,5.0158,2901.2558,1016.5308,28.29,,,,,
1616,05:00 10/03/2024,9.3,2.3875,7.94,42.0475,38.4192,3.6692,5.6325,2934.7183,1016.8408,28.2725,,,,,
1617,06:00 10/03/2024,11.2342,2.3508,5.0583,41.8908,30.6892,4.1925,7.0425,2959.2425,1017.5767,28.2608,,,,,
1618,07:00 10/03/2024,10.9,2.1842,5.4942,34.385,20.5283,4.4475,6.4533,2999.2633,1018.1792,28.0858,,,,,
1619,08:00 10/03/2024,11.7675,1.9583,5.7083,37.1,18.6092,5.0217,6.7467,2854.9208,934.0725,25.4942,,,,,
1620,09:00 10/03/2024,15.0075,2.0967,7.1483,50.3525,32.1533,7.15,7.8575,3160.6692,1019.55,27.6033,,,,,
1621,10:00 10/03/2024,14.2575,2.7883,7.2333,56.2067,30.9142,5.9583,8.2992,2884.4617,1019.9617,27.6108,,,,,
1622,11:00 10/03/2024,14.4908,2.7225,11.2367,70.5225,32.885,5.28,9.2092,3068.4833,1019.6608,28.1367,,,,,
1623,12:00 10/03/2024,12.9892,3.4542,12.6825,74.3617,37.67,4.645,8.345,3038.12,1018.6308,28.1783,,,,,
1624,13:00 10/03/2024,13.3375,3.1233,17.1442,76.535,38.2658,5.0292,8.3067,2959.1233,1017.8542,28.1667,,,,,
1625,14:00 10/03/2024,10.9858,2.6592,16.3933,80.6567,37.2758,3.8692,7.1167,2961.81,1017.0167,28.2067,,,,,
1626,15:00 10/03/2024,12.0708,2.4692,14.9033,73.8883,38.1658,4.3525,7.7183,3001.5483,1016.3383,27.8742,,,,,
1627,16:00 10/03/2024,12.0883,2.4225,18.4933,83.5892,45.3708,4.55,7.5367,2806.375,1015.8025,27.49,,,,,
1628,17:00 10/03/2024,10.6108,2.8892,19.8075,85.8375,47.8317,3.7883,6.82,3000.6125,1015.6783,27.4408,,,,,
1629,18:00 10/03/2024,16.0775,3.1567,15.3742,93.9525,51.5675,5.61,10.4675,2964.6392,1016.0967,27.4675,,,,,
1630,19:00 10/03/2024,17.3633,2.62,9.8667,98.4692,58.3058,5.3517,12.0108,3252.9033,1016.5208,28.1108,,,,,
1631,20:00 10/03/2024,13.52,2.6608,13.3692,90.0108,64.9392,4.1467,9.3742,3089.3942,1017.2067,28.2317,,,,,
1632,21:00 10/03/2024,14.0042,2.5192,10.7975,86.2267,46.0483,5.0417,8.965,3049.9708,1018.1075,28.25,,,,,
1633,22:00 10/03/2024,11.7225,2.3842,10.32,77.91,31.0783,3.9492,7.7692,2997.7075,1018.6842,28.2342,,,,,
1634,23:00 10/03/2024,10.27,7.0633,8.3092,75.1167,40.335,3.715,6.5558,3014.5725,1018.8167,28.0625,,,,,
1635,00:00 11/03/2024,10.2167,9.2033,7.6475,74.7475,67.5158,3.66,6.5558,3028.88,1018.7125,27.7825,,,,,
1636,01:00 11/03/2024,9.285,4.7983,7.3975,70.645,62.43,3.6658,5.6217,2947.9425,1018.4542,27.6392,,,,,
1637,02:00 11/03/2024,9.7825,3.9125,5.2867,65.1792,53.8767,3.6667,6.115,2944.0558,1018.4525,27.7275,,,,,
1638,03:00 11/03/2024,9.7492,5.7667,7.6008,60.1892,54.915,3.48,6.2692,2881.3692,1018.3533,28.2017,,,,,
1639,04:00 11/03/2024,9.6933,3.8033,5.8967,57.65,44.25,3.52,6.1733,2832.5133,1018.3533,28.2133,,,,,
1640,07:00 11/03/2024,12.58,3.62,3.91,38.24,21.82,5.9,6.68,3293.98,1021.55,28.12,,,,,
1641,08:00 11/03/2024,15.415,3.455,3.9783,39.2942,16.9275,8.1325,7.3558,3364.5633,1021.8075,27.7292,,,,,
1642,09:00 11/03/2024,15.5692,3.415,5.035,49.865,28.5283,7.7508,7.8167,3045.3333,1022.37,27.6092,,,,,
1643,10:00 11/03/2024,12.68,2.9508,8.605,58.6583,33.5875,5.7192,6.9583,3140.4267,1022.4658,27.5158,,,,,
1644,11:00 11/03/2024,11.1408,3.28,16.9592,51.5225,21.7675,4.2858,6.8558,2778.2058,1022.2525,28.1025,,,,,
1645,12:00 11/03/2024,11.1342,3.0042,19.9333,38.7367,15.2317,4.3667,6.7667,3007.3375,1021.335,28.2708,,,,,
1646,13:00 11/03/2024,11.1475,2.8283,29.8008,34.9858,13.2833,4.1983,6.9517,2955.2833,1020.3833,28.3967,,,,,
1647,14:00 11/03/2024,10.6917,2.8042,38.7958,43.12,16.9092,3.8467,6.8433,2979.8833,1018.9833,28.5708,,,,,
1648,15:00 11/03/2024,10.3525,2.6125,44.9058,51.2733,30.5942,3.7717,6.5817,3013.6767,1017.4742,28.1975,,,,,
1649,16:00 11/03/2024,11.3925,3.7433,38.755,49.9242,36.9467,3.82,7.5742,3073.08,1016.6717,27.7067,,,,,
1650,17:00 11/03/2024,14.2592,3.665,39.2792,55.6358,32.1958,4.5233,9.7358,3296.9175,1016.3067,27.4167,,,,,
1651,18:00 11/03/2024,20.8875,2.765,25.4642,62.8083,35.9892,4.96,15.9275,3604.5267,1016.2175,27.7883,,,,,
1652,19:00 11/03/2024,27.9342,2.4175,10.5842,84.9083,52.4775,6.4783,21.4558,4124.5117,1016.3933,28.3117,,,,,
1653,20:00 11/03/2024,45.8708,2.5258,5.115,99.2292,45.4167,20.7942,25.0783,4935.0517,1016.6708,28.2942,,,,,
1654,21:00 11/03/2024,24.035,2.4108,11.3792,149.4033,59.4417,4.8708,19.1642,4479.4342,1017.3142,28.215,,,,,
1655,22:00 11/03/2024,17.3483,2.34,8.7567,165.3075,81.865,3.2308,14.1175,3426.27,1017.71,28.2625,,,,,
1656,23:00 11/03/2024,14.1375,2.3883,14.6308,157.2825,96.1617,3.4908,10.6467,3332.0,1017.9667,27.8558,,,,,
1657,00:00 12/03/2024,10.2967,3.8167,20.5417,142.1392,109.6625,3.4758,6.8208,3137.5683,1017.82,27.525,,,,,
1658,01:00 12/03/2024,10.6425,3.4675,16.5108,120.9083,96.7083,3.5117,7.1308,3122.8808,1017.2508,27.5583,,,,,
1659,02:00 12/03/2024,11.0233,3.0242,11.225,104.4792,82.1867,3.5542,7.4692,3117.1892,1016.6917,27.605,,,,,
1660,03:00 12/03/2024,14.1967,2.6242,5.0642,96.7225,78.0492,3.8583,10.3375,3142.6158,1016.2975,28.22,,,,,
1661,04:00 12/03/2024,12.2408,2.1292,5.07,95.8783,81.3917,3.5958,8.6458,3083.0558,1016.0942,28.3108,,,,,
1662,05:00 12/03/2024,11.8883,2.1175,4.195,95.0317,80.3975,3.625,8.2633,3104.0275,1016.3858,28.375,,,,,
1663,06:00 12/03/2024,13.6617,2.0508,2.9217,95.33,76.6875,4.6858,8.9775,2911.9683,1016.9183,28.3467,,,,,
1664,07:00 12/03/2024,17.1742,2.0408,2.6892,97.7033,66.7883,6.6642,10.51,3340.675,1017.655,27.9625,,,,,
1665,08:00 12/03/2024,26.8958,2.2017,3.9133,94.9983,62.4592,15.3308,11.565,3766.5442,1018.4692,27.6667,,,,,
1666,09:00 12/03/2024,29.0183,2.8942,8.9208,111.1858,65.2108,14.2775,14.7417,3915.7258,1019.1342,27.3533,,,,,
1667,10:00 12/03/2024,18.9892,4.0033,19.8817,116.9867,71.5183,5.9817,13.0092,3352.1467,1019.3342,27.21,,,,,
1668,11:00 12/03/2024,14.2658,5.175,32.6567,97.1942,61.25,4.24,10.0275,2751.2233,1018.8967,28.295,,,,,
7092,18:00 29/10/2024,1.965,7.0533,17.5858,95.8917,48.4533,1.9383,-,4565.0792,1009.0508,27.0475,,,,,
7093,19:00 29/10/2024,1.9683,6.0067,13.5182,106.3867,53.3808,1.9458,-,4533.875,1009.6708,26.9767,,,,,
7094,20:00 29/10/2024,1.9675,6.225,19.159,124.3433,55.1892,1.9442,-,5442.9458,1010.3933,26.9608,,,,,
7095,21:00 29/10/2024,1.9717,6.0117,12.92,154.8583,60.1258,1.9483,-,4793.5983,1010.7358,26.935,,,,,
7096,22:00 29/10/2024,1.965,5.3467,8.2625,144.1383,63.6858,1.9417,-,3154.5475,1010.7458,27.39,,,,,
7097,23:00 29/10/2024,1.9508,4.7258,8.1333,128.5467,61.7633,1.9325,-,2396.1208,1010.8317,28.5333,,,,,
7098,00:00 30/10/2024,1.9467,5.6783,12.6917,118.9942,59.7967,1.9275,-,2008.3342,1010.9642,28.7975,,,,,
7099,01:00 30/10/2024,1.945,5.6725,9.5417,115.3592,57.9517,1.9283,-,1998.4433,1010.535,28.8492,,,,,
7100,02:00 30/10/2024,1.9425,6.4075,21.9208,113.6125,56.9108,1.9258,-,1866.5708,1010.3742,28.8692,,,,,
7101,03:00 30/10/2024,1.94,6.875,27.7733,99.8458,56.4867,1.9258,-,1717.3292,1010.3683,28.765,,,,,
7102,04:00 30/10/2024,1.9442,6.7425,38.68,77.0683,55.4775,1.9258,-,1596.7658,1010.43,28.47,,,,,
7103,05:00 30/10/2024,1.9336,11.0436,39.8545,70.8336,51.5082,1.9236,-,1672.3155,1010.6291,27.1091,,,,,
7104,06:00 30/10/2024,1.93,17.3,29.85,76.13,51.08,1.92,-,1804.59,1010.74,26.92,,,,,
7105,07:00 30/10/2024,1.936,12.748,19.004,85.794,53.306,1.918,-,2277.784,1012.232,26.904,,,,,
7106,08:00 30/10/2024,1.9358,10.2975,21.0967,94.7067,54.7225,1.9208,-,2509.0317,1012.85,26.9442,,,,,
7107,09:00 30/10/2024,1.9342,8.7992,32.8567,97.2425,55.4292,1.9192,-,2145.5883,1013.2742,27.0683,,,,,
7108,10:00 30/10/2024,1.9358,8.2383,57.0467,92.2825,53.5167,1.9183,-,1909.0667,1013.5642,27.4808,,,,,
7109,11:00 30/10/2024,1.9408,7.5142,83.1983,68.6925,44.6842,1.925,-,1789.6775,1013.0333,28.7383,,,,,
7110,12:00 30/10/2024,1.9375,7.3433,116.0725,47.9108,35.8308,1.9267,-,1797.5383,1012.115,29.0658,,,,,
7111,13:00 30/10/2024,1.9375,7.1525,143.0867,53.265,37.9717,1.9308,-,1671.7067,1011.0742,28.955,,,,,
7112,14:00 30/10/2024,1.945,7.0708,160.1275,58.6583,39.9808,1.935,-,1655.9183,1009.935,29.2875,,,,,
7113,15:00 30/10/2024,1.9525,6.8658,155.2892,54.2625,41.8617,1.94,-,1560.2092,1009.34,30.1025,,,,,
7114,16:00 30/10/2024,1.9558,6.5642,145.175,49.495,43.0008,1.9425,-,1563.8917,1009.1375,30.0267,,,,,
7115,17:00 30/10/2024,1.9708,5.8467,130.1925,67.1292,46.6433,1.9492,-,1809.5867,1009.1208,27.6817,,,,,
7116,18:00 30/10/2024,1.9742,5.4908,96.6633,82.8433,45.03,1.9583,-,2010.7008,1009.1892,27.2908,,,,,
7117,19:00 30/10/2024,1.9667,5.3692,81.9983,91.2083,49.2083,1.9525,-,2065.5342,1009.6842,27.5217,,,,,
7118,20:00 30/10/2024,1.9675,5.5358,74.1317,100.2783,54.0133,1.9517,-,2157.0525,1010.4258,27.7383,,,,,
7119,21:00 30/10/2024,1.965,5.87,61.6375,107.9708,70.8142,1.9517,-,2084.1908,1010.9342,27.6958,,,,,
7120,22:00 30/10/2024,1.9658,6.3892,54.0183,110.8217,79.5842,1.9475,-,2054.5675,1011.1383,28.1025,,,,,
7121,23:00 30/10/2024,1.955,6.0842,59.5217,107.6475,74.4725,1.9425,-,1867.8192,1011.1983,28.9775,,,,,
7122,00:00 31/10/2024,1.9517,5.9533,48.045,98.5558,74.1667,1.9392,-,1808.4575,1011.1333,29.1042,,,,,
7123,01:00 31/10/2024,1.9533,5.8267,48.9342,97.1292,72.9508,1.9383,-,1735.9367,1010.7342,29.0667,,,,,
7124,02:00 31/10/2024,1.9533,6.1892,47.2317,100.0325,65.5975,1.9392,-,1740.2725,1010.2558,29.0925,,,,,
7125,03:00 31/10/2024,1.9517,5.5733,21.6183,96.1942,67.815,1.9392,-,1798.8558,1009.9917,29.0383,,,,,
7126,04:00 31/10/2024,1.9533,4.9375,21.5192,84.5242,68.2617,1.9383,-,1808.9275,1009.7725,28.6342,,,,,
7127,05:00 31/10/2024,1.955,4.8042,17.0008,86.2908,67.6842,1.9383,-,1980.2675,1009.7625,27.3583,,,,,
7128,06:00 31/10/2024,1.9542,4.7567,12.1975,85.9458,62.2583,1.9375,-,2198.0592,1010.1083,27.0467,,,,,
7129,07:00 31/10/2024,1.9517,4.8792,14.895,81.18,58.4508,1.9333,-,2540.225,1010.8067,27.0033,,,,,
7130,08:00 31/10/2024,1.95,4.7108,25.9267,88.0942,57.7042,1.9292,-,2444.3483,1011.2775,27.0567,,,,,
7131,09:00 31/10/2024,1.9433,6.1908,43.8583,103.3475,72.0408,1.9242,-,2142.5133,1011.75,27.2183,,,,,
7132,10:00 31/10/2024,1.9433,7.1992,86.845,109.1117,80.1083,1.9258,-,2018.3767,1011.6617,27.63,,,,,
7133,11:00 31/10/2024,1.9442,8.2308,134.6333,111.2417,80.1025,1.9333,-,1953.8175,1010.8758,28.8433,,,,,
7134,12:00 31/10/2024,1.95,7.985,173.4592,105.1458,67.6342,1.9392,-,1907.9425,1009.6892,29.78,,,,,
7135,13:00 31/10/2024,1.9533,8.1317,189.6275,91.225,61.2775,1.9458,-,1872.78,1008.6092,30.6008,,,,,
7136,14:00 31/10/2024,1.9592,8.9767,214.5558,98.3267,65.34,1.9458,-,1913.0608,1007.495,30.8633,,,,,
7137,15:00 31/10/2024,1.96,9.8825,228.343,98.7325,65.2608,1.9492,-,1895.9375,1006.5025,30.825,,,,,
7138,16:00 31/10/2024,1.9608,10.3067,234.1543,102.5758,67.4125,1.9483,-,2023.8183,1006.3783,30.3858,,,,,
7139,17:00 31/10/2024,1.9892,7.54,208.0111,108.485,85.6242,1.9633,-,2862.8242,1006.4992,27.8717,,,,,
7140,18:00 31/10/2024,1.9867,6.19,131.9542,131.8275,100.8525,1.965,-,3729.005,1006.7775,27.4317,,,,,
7141,19:00 31/10/2024,1.9642,5.9425,106.7825,182.2758,105.365,1.9425,-,3908.1317,1007.31,27.5875,,,,,
7142,20:00 31/10/2024,1.9575,5.9725,103.7183,208.555,127.2433,1.9383,-,3443.2183,1008.0917,27.7217,,,,,
7143,21:00 31/10/2024,1.9525,4.7608,124.7325,218.9242,153.3592,1.9367,-,2414.7217,1008.9533,27.725,,,,,
7144,22:00 31/10/2024,1.945,4.52,93.7142,211.2867,147.5733,1.9342,-,2117.0575,1009.2667,28.1292,,,,,
7145,23:00 31/10/2024,1.9442,4.5433,84.2725,167.5033,123.1083,1.9325,-,1985.7725,1009.7017,29.1817,,,,,
7146,00:00 01/11/2024,1.945,4.5092,69.2583,145.8217,101.08,1.9342,-,1948.3125,1009.6667,29.3175,,,,,
7147,01:00 01/11/2024,1.9492,4.5083,62.6283,135.3533,92.5358,1.9333,-,1919.6567,1009.5017,29.4392,,,,,
7148,02:00 01/11/2024,1.9483,4.5433,64.0042,130.7117,95.7808,1.9358,-,1937.2208,1009.1767,29.4392,,,,,
7149,03:00 01/11/2024,1.945,4.3283,45.3308,126.4675,99.6292,1.9333,-,1926.8942,1008.965,29.3275,,,,,
7150,04:00 01/11/2024,1.9467,4.3383,52.8417,130.2733,102.9475,1.9317,-,1945.6508,1009.0867,28.9942,,,,,
7151,05:00 01/11/2024,1.9442,4.6325,45.245,147.4542,108.1217,1.9267,-,2127.59,1009.6683,27.54,,,,,
7152,06:00 01/11/2024,1.9392,4.2883,29.13,162.9675,110.8767,1.925,-,2253.7258,1010.2792,27.2333,,,,,
7153,07:00 01/11/2024,1.94,4.5408,35.685,167.9033,112.175,1.9192,-,2416.7433,1011.1792,27.1858,,,,,
7154,08:00 01/11/2024,1.9333,5.0642,34.0375,188.9692,122.7333,1.915,-,2874.7492,1012.1483,27.2592,,,,,
7155,09:00 01/11/2024,1.9317,5.3892,51.1042,229.4792,122.4233,1.9158,-,2496.8792,1013.1017,27.295,,,,,
7156,10:00 01/11/2024,1.9258,7.4625,91.7633,228.1642,107.5858,1.9117,-,1715.2325,1013.6017,27.4742,,,,,
7157,11:00 01/11/2024,1.9308,7.1658,110.7125,215.46,68.5842,1.9217,-,1552.02,1013.095,28.7742,,,,,
7158,12:00 01/11/2024,1.935,6.6142,126.0758,157.5133,33.9383,1.9267,-,1540.8717,1012.2183,29.7175,,,,,
7159,13:00 01/11/2024,1.9425,6.8383,141.7058,124.0283,20.8033,1.9333,-,1495.0867,1011.195,30.5833,,,,,
7160,14:00 01/11/2024,1.9442,6.6925,156.5717,79.8017,28.0892,1.9308,-,1542.1717,1010.3433,30.8875,,,,,
7161,15:00 01/11/2024,1.9408,6.255,161.1917,94.8892,42.5417,1.93,-,1521.64,1009.9,30.805,,,,,
7162,16:00 01/11/2024,1.9417,6.9458,160.6092,147.9875,50.94,1.9292,-,1592.8383,1009.7942,30.3433,,,,,
7163,17:00 01/11/2024,1.94,6.4317,145.9742,133.4642,49.4967,1.9175,-,1652.5125,1009.9933,28.0067,,,,,
7164,18:00 01/11/2024,1.9283,5.9058,92.8983,120.1967,38.2692,1.9158,-,2160.715,1010.2525,27.1967,,,,,
7165,19:00 01/11/2024,1.935,5.7958,35.6917,116.9092,43.8017,1.9175,-,2877.3767,1011.1675,27.4192,,,,,
7166,20:00 01/11/2024,1.9317,6.0675,32.2583,150.3442,78.1875,1.9125,-,2788.1992,1012.2625,27.6467,,,,,
7167,21:00 01/11/2024,1.9292,6.8067,69.0083,158.1542,99.8533,1.9133,-,2294.9067,1013.5675,27.5808,,,,,
7168,22:00 01/11/2024,1.9258,5.6017,110.8267,186.89,117.405,1.9167,-,2159.7625,1014.6108,28.0092,,,,,
7169,23:00 01/11/2024,1.9283,4.7558,102.4025,162.8742,125.5883,1.915,-,2046.11,1015.3375,28.985,,,,,
7170,00:00 02/11/2024,1.9317,4.6408,76.8917,166.2967,120.1208,1.9175,-,2061.3967,1015.3817,29.2992,,,,,
7171,01:00 02/11/2024,1.9342,4.5308,59.8225,168.805,117.4392,1.915,-,2004.3633,1015.1942,29.3633,,,,,
7172,02:00 02/11/2024,1.9292,4.5017,56.9242,178.2042,133.99,1.9125,-,2006.315,1014.8783,29.2917,,,,,
7173,03:00 02/11/2024,1.9258,4.1842,50.1775,176.2417,140.47,1.915,-,2020.6217,1014.7517,29.275,,,,,
7174,04:00 02/11/2024,1.9292,4.3558,53.4783,167.8742,134.1583,1.9117,-,1973.8792,1014.7242,28.8442,,,,,
7175,05:00 02/11/2024,1.9267,5.7,49.9967,159.4325,122.5058,1.9067,-,1994.2667,1014.9458,27.435,,,,,
7176,06:00 02/11/2024,1.92,16.9208,40.4992,137.9992,115.1725,1.905,-,1943.1208,1015.67,26.9867,,,,,
7177,07:00 02/11/2024,1.9192,17.2017,32.3708,132.8758,102.1167,1.9042,-,2172.2808,1016.4625,26.6992,,,,,
7178,08:00 02/11/2024,1.92,13.4615,63.3262,129.9354,85.4408,1.9054,-,2048.2662,1017.1923,26.7546,,,,,
7179,09:00 02/11/2024,1.9175,11.9542,100.1392,119.2208,63.4425,1.9025,-,1548.0225,1017.9075,26.8675,,,,,
7180,10:00 02/11/2024,1.9175,9.975,114.4725,70.9642,29.2492,1.9042,-,1472.4458,1018.1375,27.575,,,,,
7181,11:00 02/11/2024,1.9208,8.1208,127.16,37.5125,17.4592,1.9108,-,1434.4633,1017.6733,28.7433,,,,,
7182,12:00 02/11/2024,1.925,8.5792,134.5017,18.4025,9.0392,1.9133,-,1468.56,1016.8967,29.3475,,,,,
7183,13:00 02/11/2024,1.9358,8.29,142.3408,12.7975,7.4358,1.925,-,1439.9283,1016.0367,30.1,,,,,
7184,14:00 02/11/2024,1.9758,8.4425,152.825,20.8717,20.1642,1.965,-,1400.8467,1015.2367,30.7058,,,,,
7185,15:00 02/11/2024,1.9817,8.365,153.5167,42.4158,33.5117,1.9717,-,1451.2725,1014.6867,30.7875,,,,,
7186,16:00 02/11/2024,1.96,7.6367,158.9667,47.4017,35.84,1.9517,-,1495.93,1014.575,30.2292,,,,,
7187,17:00 02/11/2024,1.9725,7.6958,160.2283,51.4817,35.7975,1.9575,-,1526.1633,1014.7017,27.4825,,,,,
7188,18:00 02/11/2024,1.9817,7.2567,134.3458,56.0675,27.41,1.97,-,2009.7567,1014.9933,27.1558,,,,,
7189,19:00 02/11/2024,1.9917,7.4383,104.8433,80.9058,36.8875,1.98,-,2163.25,1015.5933,27.5508,,,,,
7190,20:00 02/11/2024,1.9942,7.2233,89.8567,102.9925,70.7317,1.98,-,2051.0342,1016.3567,27.5233,,,,,
7191,21:00 02/11/2024,1.9692,6.2158,81.3742,127.5533,96.8333,1.9575,-,1956.7667,1016.9975,27.3992,,,,,
7192,22:00 02/11/2024,1.9683,5.5292,75.2317,134.3733,106.0558,1.9567,-,1978.3033,1017.3808,27.6733,,,,,
7193,23:00 02/11/2024,1.9767,5.6708,72.9825,129.2158,98.115,1.9567,-,2070.47,1017.6442,28.6525,,,,,
7194,00:00 03/11/2024,1.9742,5.2892,51.0808,126.49,99.7508,1.9583,-,2057.3733,1017.6183,28.7983,,,,,
7195,01:00 03/11/2024,1.9767,5.2733,40.5358,137.5742,105.5383,1.9583,-,1986.02,1017.4292,28.9008,,,,,
7196,02:00 03/11/2024,1.97,5.1833,35.0258,150.2383,109.755,1.9567,-,1928.6267,1017.1508,28.9908,,,,,
7197,03:00 03/11/2024,1.9725,5.3708,41.215,142.3958,110.625,1.9567,-,1924.6208,1016.8167,29.0767,,,,,
7198,04:00 03/11/2024,1.97,6.7433,41.2467,142.5733,108.33,1.9558,-,1853.2592,1016.5267,28.6525,,,,,
7199,05:00 03/11/2024,1.9683,6.3525,39.0492,137.4408,99.4475,1.9508,-,1906.6833,1016.1467,27.3258,,,,,
7200,06:00 03/11/2024,1.9575,9.0517,26.4092,132.0342,93.1467,1.9458,-,1997.1125,1016.3717,27.0025,,,,,
7201,07:00 03/11/2024,1.9558,8.9933,23.6083,138.7758,93.53,1.9375,-,2139.3475,1016.87,26.8567,,,,,
7202,08:00 03/11/2024,1.9383,8.425,41.8092,157.6217,102.1983,1.9258,-,2409.7858,1017.6508,26.9067,,,,,
7203,09:00 03/11/2024,1.9475,10.3317,91.3517,155.3492,107.1217,1.9292,-,2465.3467,1018.29,26.9583,,,,,
7204,10:00 03/11/2024,1.9475,9.9425,113.4208,129.2567,86.8333,1.9308,-,2198.9833,1018.4633,27.38,,,,,
7205,11:00 03/11/2024,1.9375,8.8733,133.3842,118.6592,68.2158,1.9283,-,1880.17,1017.875,28.6892,,,,,
7206,12:00 03/11/2024,1.9325,8.4792,148.3525,113.4992,60.6408,1.9208,-,1815.8283,1016.9892,29.0358,,,,,
7207,13:00 03/11/2024,1.95,7.6642,161.2875,92.2758,60.0842,1.94,-,1670.6533,1015.9575,29.1383,,,,,
7208,14:00 03/11/2024,1.9675,7.8258,154.5267,79.1367,62.2217,1.9592,-,1645.7492,1015.0675,29.3458,,,,,
7209,15:00 03/11/2024,1.965,7.615,150.7342,80.355,58.4433,1.9558,-,1695.7908,1014.5225,29.4633,,,,,
7210,16:00 03/11/2024,1.9717,7.2792,136.1058,89.98,57.0492,1.9558,-,1741.7683,1014.3608,29.3117,,,,,
7211,17:00 03/11/2024,1.9567,7.5683,132.0975,91.7475,56.5258,1.9467,-,1829.1133,1014.6417,27.8617,,,,,
7212,18:00 03/11/2024,1.9592,7.125,108.5417,102.1975,60.9033,1.9467,-,2353.81,1014.9275,27.1633,,,,,
7213,19:00 03/11/2024,1.9608,8.2725,94.5625,121.3533,88.8633,1.9458,-,2582.7575,1015.4967,27.3367,,,,,
7214,20:00 03/11/2024,1.9592,9.1383,81.7525,175.465,120.7492,1.9433,-,2533.07,1016.0825,27.3158,,,,,
7215,21:00 03/11/2024,1.9583,7.3567,60.4092,205.0983,148.9217,1.9408,-,2518.7608,1016.3642,27.3842,,,,,
7216,22:00 03/11/2024,1.96,6.9225,51.2783,217.6425,160.0175,1.9392,-,2570.8492,1016.4625,27.705,,,,,
7217,23:00 03/11/2024,1.9583,8.6867,43.9,221.7175,164.2033,1.9417,-,2560.7475,1016.5558,28.7333,,,,,
7218,00:00 04/11/2024,1.955,9.2475,60.2417,223.1283,166.58,1.9425,-,2097.4608,1016.2175,28.9092,,,,,
7219,01:00 04/11/2024,1.9542,10.1683,49.4842,208.0258,160.95,1.94,-,2156.2092,1016.1042,28.9575,,,,,
7220,02:00 04/11/2024,1.9533,8.7283,50.185,211.0825,162.1917,1.9358,-,2132.965,1015.8008,29.0008,,,,,
7221,03:00 04/11/2024,1.9483,9.3808,67.4258,173.6492,140.4008,1.9325,-,1901.605,1015.6167,28.9517,,,,,
7222,04:00 04/11/2024,1.9458,8.7683,76.93,135.275,118.6292,1.9317,-,1811.1592,1015.5017,28.4842,,,,,
7223,05:00 04/11/2024,1.9358,7.1133,72.0633,120.865,93.3967,1.9267,-,1747.1917,1015.5733,27.185,,,,,
7224,06:00 04/11/2024,1.9383,6.775,63.8767,115.5592,74.4167,1.9275,-,1818.0008,1016.0017,27.0058,,,,,
7225,07:00 04/11/2024,1.9392,11.2083,68.4933,113.6108,68.5658,1.9258,-,2023.41,1016.6983,26.9417,,,,,
7226,08:00 04/11/2024,1.94,12.7983,45.3883,112.8925,75.59,1.925,-,2280.3667,1017.4442,26.8767,,,,,
7227,09:00 04/11/2024,1.9417,16.865,43.0517,112.63,89.2675,1.925,-,2338.9167,1018.1242,26.98,,,,,
7228,10:00 04/11/2024,1.9392,11.3883,78.4725,112.535,91.1675,1.9233,-,2209.7592,1018.465,27.4283,,,,,
7229,11:00 04/11/2024,1.9425,8.4442,85.3367,115.8636,90.9342,1.9283,-,2224.055,1017.9783,28.49,,,,,
7230,12:00 04/11/2024,1.9425,7.7267,103.1942,113.895,77.5217,1.9275,-,2212.5325,1017.0475,28.75,,,,,
7231,13:00 04/11/2024,1.9417,7.4867,137.3867,113.1042,68.0617,1.9317,-,1953.055,1016.11,28.9133,,,,,
7232,14:00 04/11/2024,1.9417,6.8892,124.9467,112.7283,67.2808,1.9292,-,1977.2708,1015.3975,29.0858,,,,,
7233,15:00 04/11/2024,1.935,6.2033,115.2758,112.5725,71.3417,1.9283,-,1773.7325,1015.0808,29.1542,,,,,
7234,16:00 04/11/2024,1.9375,5.9,106.225,112.4392,69.1825,1.93,-,1878.1692,1015.1275,28.8308,,,,,
7235,17:00 04/11/2024,1.9317,5.3325,93.0867,100.6525,72.87,1.9183,-,1915.1683,1015.6975,27.3483,,,,,
7236,18:00 04/11/2024,1.93,4.6158,71.42,68.055,62.885,1.9183,-,2008.7325,1015.9925,27.1033,,,,,
7237,19:00 04/11/2024,1.9292,4.8375,60.2875,41.6858,56.0142,1.9133,-,1795.2733,1016.4958,27.0525,,,,,
7238,20:00 04/11/2024,1.9208,4.5233,50.16,35.8092,41.2325,1.91,-,1783.0017,1017.2933,27.0892,,,,,
7239,21:00 04/11/2024,1.9192,4.6783,59.7808,37.3533,37.4525,1.9025,-,1616.7142,1017.7117,27.0108,,,,,
7240,22:00 04/11/2024,1.905,4.2933,53.9267,24.0733,28.49,1.8908,-,1564.0075,1017.6792,27.4242,,,,,
7241,23:00 04/11/2024,1.9075,4.9683,42.8975,17.7883,15.0,1.8925,-,1605.38,1017.67,28.5867,,,,,
7242,00:00 05/11/2024,1.9075,5.1508,64.3167,26.8158,24.5175,1.8933,-,1609.3608,1017.5958,28.9308,,,,,
7243,01:00 05/11/2024,1.905,4.725,66.4158,39.4083,29.5642,1.895,-,1611.7858,1017.4217,28.9475,,,,,
7244,02:00 05/11/2024,1.9067,5.6967,60.8817,44.1833,32.6858,1.8958,-,1666.7742,1017.2025,28.8833,,,,,
7245,03:00 05/11/2024,1.91,5.6,60.5558,51.6092,39.5933,1.895,-,1633.5008,1016.9517,28.9083,,,,,
7246,04:00 05/11/2024,1.9133,5.805,59.1042,59.0617,39.0975,1.9017,-,1644.745,1016.9733,28.4867,,,,,
7247,05:00 05/11/2024,1.9192,5.3233,52.77,66.4117,47.0167,1.9067,-,1770.9183,1017.22,27.2575,,,,,
7248,06:00 05/11/2024,1.9092,5.225,46.2333,63.5533,48.8242,1.9,-,1749.7692,1017.8508,27.0125,,,,,
7249,07:00 05/11/2024,1.9158,5.0442,43.9067,58.3133,43.8933,1.8992,-,1873.9275,1018.84,26.8983,,,,,
7250,08:00 05/11/2024,1.9142,5.0817,32.0825,51.1417,39.0225,1.9,-,2477.6408,1019.5117,26.8708,,,,,
7251,09:00 05/11/2024,1.9125,4.99,39.674,52.5017,36.8858,1.9,-,2149.4367,1019.9925,27.0075,,,,,
7252,10:00 05/11/2024,1.9142,6.2875,51.3633,62.6933,44.9142,1.89,-,2083.2975,1020.2158,27.5567,,,,,
7253,11:00 05/11/2024,1.5325,2.3558,39.5529,64.7742,37.6792,1.5325,-,3571.6633,1019.8217,29.4992,,,,,
7254,12:00 05/11/2024,1.53,2.0582,69.2222,78.0167,48.5008,1.53,-,1022.9475,1019.0825,30.5567,,,,,
7255,13:00 05/11/2024,1.53,7.3288,33.7292,92.0183,56.782,1.53,-,774.2392,1018.3933,30.7292,,,,,
7256,14:00 05/11/2024,1.53,49.363,29.26,92.2692,56.24,1.53,-,994.1875,1017.6742,30.2217,,,,,
7257,15:00 05/11/2024,1.53,4.5833,30.3978,96.1892,56.24,1.53,-,916.9175,1017.1067,29.8742,,,,,
7258,16:00 05/11/2024,1.7892,6.6608,40.6,92.595,-,1.7858,-,830.0667,1016.9033,29.2542,,,,,
7259,17:00 05/11/2024,1.9133,5.9483,36.5192,86.5767,-,1.9083,-,989.7775,1016.9033,27.6383,,,,,
7260,18:00 05/11/2024,1.9142,7.175,38.305,83.3558,-,1.9042,-,1146.7517,1017.3642,27.41,,,,,
7261,19:00 05/11/2024,1.9117,10.4508,36.5217,89.2292,56.565,1.9033,-,1044.9508,1017.6567,27.2775,,,,,
7262,20:00 05/11/2024,1.9108,8.2675,38.0492,79.57,56.675,1.905,-,962.0158,1017.9858,27.3017,,,,,
7263,21:00 05/11/2024,1.9092,8.9592,37.8975,68.0583,56.4017,1.905,-,906.9633,1018.3925,27.2533,,,,,
7264,22:00 05/11/2024,1.9117,13.0617,41.456,68.2725,56.2983,1.9025,-,1067.3292,1018.5875,27.495,,,,,
7265,23:00 05/11/2024,1.9025,15.48,49.2733,78.16,56.2625,1.9017,-,973.5783,1018.4717,28.175,,,,,
7266,00:00 06/11/2024,1.9092,11.28,40.9678,70.3125,56.2491,1.9008,-,1095.955,1018.485,28.4417,,,,,
7267,01:00 06/11/2024,1.9083,9.5142,57.905,78.8492,56.24,1.9025,-,1298.5792,1017.9767,28.5567,,,,,
7268,02:00 06/11/2024,1.9092,11.2883,43.4571,96.9625,62.2909,1.9025,-,1404.5933,1017.6408,28.4983,,,,,
7269,03:00 06/11/2024,1.91,13.1933,41.7975,106.4308,77.4542,1.9025,-,1347.0175,1017.3733,28.5792,,,,,
7270,04:00 06/11/2024,1.9075,11.5717,41.0875,109.625,78.2017,1.9033,-,1218.655,1017.4758,28.3458,,,,,
7271,05:00 06/11/2024,1.9117,12.5258,28.8718,111.3417,88.5617,1.8983,-,1146.84,1017.6433,27.4267,,,,,
7272,06:00 06/11/2024,1.9108,15.4475,36.2214,112.0592,96.6825,1.8992,-,1228.295,1018.1267,27.2367,,,,,
7273,07:00 06/11/2024,1.9125,14.3592,35.6688,117.7267,103.645,1.9017,-,1483.4792,1019.0275,27.2833,,,,,
7274,08:00 06/11/2024,1.9133,11.8917,30.0657,151.5717,109.2067,1.9025,-,1858.8142,1019.595,27.2183,,,,,
7275,09:00 06/11/2024,1.9117,12.7075,29.766,169.1908,111.2708,1.9008,-,1651.3092,1020.0142,27.2992,,,,,
7276,10:00 06/11/2024,1.9108,11.0708,32.9008,160.0183,110.0217,1.9017,-,1337.3283,1020.3475,27.64,,,,,
7277,11:00 06/11/2024,1.915,11.8925,37.3475,136.1883,88.6592,1.9008,-,1120.1275,1019.9533,28.4108,,,,,
7278,12:00 06/11/2024,1.9083,11.6667,55.9,121.2192,68.6742,1.9033,-,989.5983,1019.1833,28.7542,,,,,
7279,13:00 06/11/2024,1.9125,10.0333,58.56,116.4083,62.3464,1.9025,-,958.8125,1018.4858,28.825,,,,,
7280,14:00 06/11/2024,1.91,8.8167,65.8175,113.0692,58.9292,1.9017,-,1077.3933,1017.5058,28.9017,,,,,
7281,15:00 06/11/2024,1.9083,8.955,71.4275,107.0725,61.4292,1.9008,-,920.8733,1017.0567,28.775,,,,,
7282,16:00 06/11/2024,1.91,8.4442,71.31,97.9842,63.92,1.9,-,1036.4692,1016.9933,28.6225,,,,,
7283,17:00 06/11/2024,1.9158,9.3125,52.69,104.515,70.9292,1.9025,-,1584.0933,1017.0117,27.6867,,,,,
7284,18:00 06/11/2024,1.9108,8.625,41.9558,109.5517,80.14,1.9008,-,1955.1742,1017.3358,27.2,,,,,
7285,19:00 06/11/2024,1.91,7.9158,38.9942,125.2892,93.7725,1.8967,-,1653.61,1017.98,27.1442,,,,,
7286,20:00 06/11/2024,1.9075,8.4208,34.7183,159.6792,105.2908,1.8975,-,1601.4625,1018.6742,27.2517,,,,,
7287,21:00 06/11/2024,1.9142,7.9117,21.8522,180.9008,110.9267,1.8975,-,1825.485,1019.1833,27.3392,,,,,
7288,22:00 06/11/2024,1.915,8.2058,34.4975,205.7775,130.9708,1.9,-,1953.7125,1019.3558,27.535,,,,,
7289,23:00 06/11/2024,1.9142,7.5008,32.405,208.6483,130.6608,1.9,-,1653.5475,1019.4283,28.3392,,,,,
7290,00:00 07/11/2024,1.9183,8.0325,46.258,204.6508,133.6,1.9017,-,1622.5425,1018.9383,28.6383,,,,,
7291,01:00 07/11/2024,1.915,7.3808,34.9943,191.3175,130.715,1.9008,-,1487.8967,1018.4758,28.7183,,,,,
7292,02:00 07/11/2024,1.9158,13.2083,43.64,180.0592,133.945,1.9,-,1499.785,1017.8758,28.6808,,,,,
7293,03:00 07/11/2024,1.9158,27.8567,34.1487,202.8642,140.0475,1.8975,-,1674.0192,1017.4967,28.66,,,,,
7294,04:00 07/11/2024,1.92,20.4258,26.2125,215.2233,155.04,1.9017,-,1802.4758,1017.365,28.3275,,,,,
7295,05:00 07/11/2024,1.915,18.5575,29.5825,218.2925,161.3333,1.9008,-,1758.4108,1017.5008,27.4008,,,,,
7296,06:00 07/11/2024,1.9125,16.0975,37.5388,207.4075,155.5958,1.8983,-,1698.5625,1018.1225,27.3408,,,,,
7297,07:00 07/11/2024,1.9058,14.5267,45.38,177.5942,140.22,1.8942,-,1414.8683,1019.1117,27.22,,,,,
7298,08:00 07/11/2024,1.9008,13.35,33.0108,147.0983,123.4758,1.8925,-,1332.3467,1019.7683,27.1467,,,,,
7299,09:00 07/11/2024,1.9025,14.2467,51.305,133.2092,113.5125,1.8925,-,1159.2717,1020.395,27.3317,,,,,
7300,10:00 07/11/2024,1.8958,15.8908,67.3842,122.0808,88.8917,1.8917,-,984.9608,1020.4133,27.6033,,,,,
7301,11:00 07/11/2024,1.8967,14.9625,87.4442,116.0083,64.1817,1.8958,-,922.9692,1019.6775,28.1608,,,,,
7302,12:00 07/11/2024,1.8992,15.0358,100.5008,113.7833,40.195,1.8967,-,907.1617,1018.6733,28.8275,,,,,
7303,13:00 07/11/2024,1.9033,15.0367,118.74,102.6758,32.2458,1.9,-,733.5258,1017.5817,29.465,,,,,
7304,14:00 07/11/2024,1.9042,14.7742,127.2258,86.205,43.1625,1.9,-,790.8692,1016.7567,29.8492,,,,,
7305,15:00 07/11/2024,1.9042,14.0817,131.7342,87.5133,50.9383,1.9,-,793.8333,1016.2358,29.7983,,,,,
7306,16:00 07/11/2024,1.9025,13.0675,132.3433,101.6767,54.2658,1.9,-,749.5233,1016.1442,29.3925,,,,,
7307,17:00 07/11/2024,1.8967,12.6325,103.075,108.4208,58.81,1.8933,-,970.1217,1016.395,27.7825,,,,,
7308,18:00 07/11/2024,1.9058,11.5508,70.4633,110.9833,57.315,1.8908,-,1001.6617,1017.0242,27.6492,,,,,
7309,19:00 07/11/2024,1.9142,15.0275,35.4742,111.9317,65.0792,1.8967,-,1027.9417,1017.7175,27.7483,,,,,
7310,20:00 07/11/2024,1.9042,11.9108,54.6525,112.2792,75.02,1.8925,-,1024.1233,1018.6142,27.7633,,,,,
7311,21:00 07/11/2024,1.9033,9.22,66.2367,112.4067,82.89,1.8942,-,1078.6333,1019.165,27.7817,,,,,
7312,22:00 07/11/2024,1.895,7.93,69.0083,112.452,77.0475,1.8942,-,1033.5917,1019.3842,27.9642,,,,,
7313,23:00 07/11/2024,1.8958,7.2717,67.8608,112.47,74.3708,1.8925,-,1013.0683,1019.4783,28.3458,,,,,
7314,00:00 08/11/2024,1.9083,7.2733,30.9282,112.48,76.1058,1.8967,-,1163.795,1018.995,28.505,,,,,
7315,01:00 08/11/2024,1.9025,6.6033,38.9375,-,76.4958,1.8967,-,1056.605,1018.4142,28.5558,,,,,
7316,02:00 08/11/2024,1.9075,6.31,38.3636,112.488,85.56,1.8942,-,985.4767,1017.8792,28.4733,,,,,
7317,03:00 08/11/2024,1.9067,7.6975,39.429,112.482,89.8242,1.8933,-,1016.0917,1017.4475,28.5292,,,,,
7318,04:00 08/11/2024,1.8992,7.2642,30.5625,116.346,92.4992,1.895,-,1028.785,1017.2025,28.2917,,,,,
7319,05:00 08/11/2024,1.9017,7.2008,38.2742,134.955,103.3633,1.8925,-,1073.3067,1017.1033,27.3742,,,,,
7320,06:00 08/11/2024,1.9058,7.1733,42.2243,142.36,103.6892,1.8942,-,1240.6133,1017.3792,27.1492,,,,,
7321,07:00 08/11/2024,1.9042,10.6508,42.4971,166.24,103.1208,1.8942,-,1695.2442,1017.92,27.0733,,,,,
7322,08:00 08/11/2024,1.9083,20.2758,32.9127,206.4925,132.795,1.8925,-,2040.4908,1018.3267,27.1133,,,,,
7323,09:00 08/11/2024,1.9017,19.01,44.3633,226.7392,158.4158,1.8942,-,1749.0792,1019.1058,27.19,,,,,
7324,10:00 08/11/2024,1.9,22.8833,71.8775,235.2225,165.4283,1.8933,-,1729.9292,1019.23,27.7425,,,,,
7325,11:00 08/11/2024,1.9025,20.7758,97.2517,229.865,151.98,1.8942,-,1573.8425,1018.2983,28.515,,,,,
7326,12:00 08/11/2024,1.8983,15.5508,115.7975,197.0708,112.2975,1.8967,-,1173.2033,1017.0525,28.8067,,,,,
7327,13:00 08/11/2024,1.9008,11.7542,122.5875,150.7317,80.8558,1.8983,-,799.0325,1015.9683,29.2975,,,,,
7328,14:00 08/11/2024,1.9025,10.4817,118.6975,125.8867,60.115,1.9,-,652.1033,1015.0267,29.8875,,,,,
7329,15:00 08/11/2024,1.9392,9.6392,113.9067,106.8133,49.255,1.9392,-,631.8875,1014.3608,30.3958,,,,,
7330,16:00 08/11/2024,1.9608,9.4833,115.8542,105.9042,46.16,1.9567,-,692.075,1014.17,30.1392,,,,,
7331,17:00 08/11/2024,1.9275,9.2175,113.5083,102.0408,51.1933,1.9225,-,859.6408,1014.4325,27.5475,,,,,
7332,18:00 08/11/2024,1.925,8.3958,90.5133,108.1933,43.935,1.9208,-,1085.6808,1014.83,27.43,,,,,
7333,19:00 08/11/2024,1.93,9.0125,63.0217,114.5692,50.56,1.9208,-,1445.7625,1015.7408,27.5625,,,,,
7334,20:00 08/11/2024,1.9242,8.6375,76.1933,131.3258,62.6717,1.9167,-,978.3083,1016.6917,27.54,,,,,
7335,21:00 08/11/2024,1.9133,8.4075,77.0767,124.1358,71.9425,1.9117,-,1033.7408,1017.2533,27.3367,,,,,
7336,22:00 08/11/2024,1.9142,8.7092,67.91,125.4725,89.0467,1.9067,-,1368.775,1017.3092,27.6175,,,,,
7337,23:00 08/11/2024,1.9142,9.4142,61.695,141.7883,100.8808,1.905,-,1264.28,1016.8533,28.0958,,,,,
7338,00:00 09/11/2024,1.9158,8.64,55.86,154.8283,108.4667,1.9058,-,1107.7158,1016.3867,28.1392,,,,,
7339,01:00 09/11/2024,1.9117,7.4375,65.3033,142.0,112.0442,1.9075,-,910.8942,1015.8992,28.1,,,,,
7340,02:00 09/11/2024,1.91,7.1833,70.53,128.135,112.6458,1.9067,-,859.605,1015.3208,28.09,,,,,
7341,03:00 09/11/2024,1.9158,7.5092,57.8508,118.6358,107.0883,1.9042,-,886.0517,1015.0008,28.1475,,,,,
7342,04:00 09/11/2024,1.925,7.4692,30.665,117.38,93.7267,1.9067,-,969.07,1014.4358,27.9417,,,,,
7343,05:00 09/11/2024,1.9233,8.4625,34.2425,122.4083,87.8083,1.9033,-,1147.9817,1014.3025,27.0958,,,,,
7344,06:00 09/11/2024,1.9217,8.5267,33.9214,126.8642,87.115,1.9075,-,1224.8825,1014.6067,26.96,,,,,
7345,07:00 09/11/2024,1.9233,7.7833,26.95,136.3817,93.8283,1.91,-,1589.8092,1015.3608,27.0183,,,,,
7346,08:00 09/11/2024,1.9108,9.2083,33.5956,167.4575,103.8758,1.9033,-,1639.3983,1015.9233,26.9525,,,,,
7347,09:00 09/11/2024,1.9083,25.6017,45.3725,198.1858,117.0917,1.9008,-,1428.7092,1016.5875,27.0892,,,,,
7348,10:00 09/11/2024,1.9142,31.45,57.3792,184.8225,131.5975,1.9042,-,1152.4558,1016.61,27.6583,,,,,
7349,11:00 09/11/2024,1.9183,32.2042,75.8608,140.935,109.9375,1.9067,-,1087.3158,1015.8517,28.5825,,,,,
7350,12:00 09/11/2024,1.9133,25.6058,114.5275,124.9525,86.5008,1.9033,-,1070.0967,1014.7175,29.0492,,,,,
7351,13:00 09/11/2024,1.9133,18.0208,145.2558,118.2533,70.4133,1.905,-,838.8633,1013.3775,29.5775,,,,,
7352,14:00 09/11/2024,1.9175,15.9283,159.1458,114.7092,62.5567,1.9125,-,756.4842,1012.2992,30.2475,,,,,
7353,15:00 09/11/2024,1.9167,13.4408,143.1658,113.3058,61.145,1.9142,-,681.2783,1011.7875,30.5017,,,,,
7354,16:00 09/11/2024,1.9117,13.565,145.2108,112.7858,59.785,1.9117,-,746.3108,1011.8958,29.9958,,,,,
7355,17:00 09/11/2024,1.9275,16.3558,142.0042,112.5883,70.1275,1.9158,-,1397.8617,1012.2933,27.4575,,,,,
7356,18:00 09/11/2024,1.9292,13.2267,105.1383,115.3283,73.1467,1.9192,-,1905.3517,1012.78,27.5725,,,,,
7357,19:00 09/11/2024,1.9233,11.7583,93.2683,166.7192,106.1325,1.9125,-,1831.775,1013.5858,27.7858,,,,,
7358,20:00 09/11/2024,1.9142,10.6792,95.5858,196.6683,132.5817,1.9092,-,1259.07,1014.3933,27.765,,,,,
7359,21:00 09/11/2024,1.9142,11.1267,82.5458,185.4375,131.0633,1.9067,-,1218.6708,1014.9025,27.81,,,,,
7360,22:00 09/11/2024,1.9142,11.6908,82.9817,179.1417,137.9342,1.9067,-,1402.7525,1015.1842,27.905,,,,,
7361,23:00 09/11/2024,1.91,9.5742,65.6467,200.3067,150.4892,1.905,-,1286.575,1015.1967,28.2883,,,,,
7362,00:00 10/11/2024,1.9125,10.0767,56.2908,211.31,159.0167,1.905,-,1268.2833,1014.9008,28.295,,,,,
7363,01:00 10/11/2024,1.9183,12.9742,45.5508,208.3033,162.5458,1.9083,-,1220.1008,1014.7858,28.3125,,,,,
7364,02:00 10/11/2024,1.9167,12.26,53.0083,199.8175,160.3767,1.9042,-,1154.865,1014.285,28.3033,,,,,
7365,03:00 10/11/2024,1.9175,9.8375,41.4517,197.7883,152.905,1.9083,-,1098.2883,1013.9758,28.3167,,,,,
7366,04:00 10/11/2024,1.9208,9.105,37.8558,183.9967,142.0542,1.9075,-,1106.1142,1013.8767,28.1167,,,,,
7367,05:00 10/11/2024,1.9125,10.1075,38.8842,194.7558,149.6367,1.905,-,1203.2,1014.2042,27.3575,,,,,
7368,06:00 10/11/2024,1.91,11.2867,35.43,202.7875,153.9,1.9042,-,1282.3833,1014.91,27.1867,,,,,
7369,07:00 10/11/2024,1.9192,14.0983,25.225,214.5533,160.23,1.9058,-,1575.505,1015.5,27.0267,,,,,
7370,08:00 10/11/2024,1.9133,17.5383,42.8608,228.2725,169.5417,1.9017,-,1735.5067,1016.155,27.05,,,,,
7371,09:00 10/11/2024,1.9158,18.6458,68.9033,270.7125,181.7383,1.9025,-,1503.6467,1016.7642,27.1783,,,,,
7372,10:00 10/11/2024,1.9108,18.1292,108.5883,247.89,168.2767,1.9033,-,1244.2875,1016.6358,27.7175,,,,,
7373,11:00 10/11/2024,1.9167,16.4775,126.25,220.6758,117.5558,1.905,-,1055.9983,1015.7292,28.7158,,,,,
7374,12:00 10/11/2024,1.9125,16.3992,130.3958,158.3258,77.5192,1.9092,-,886.0142,1014.7233,29.2117,,,,,
7375,13:00 10/11/2024,1.9283,13.0758,136.1467,132.2167,45.665,1.925,-,696.7925,1013.7117,29.9733,,,,,
7376,14:00 10/11/2024,1.9308,13.1208,138.9033,100.485,30.6075,1.9292,-,720.0675,1012.8658,30.4608,,,,,
7377,15:00 10/11/2024,1.9317,11.0308,137.1133,80.6425,44.8875,1.9308,-,664.4925,1012.4275,30.3442,,,,,
7378,16:00 10/11/2024,1.9317,11.52,133.9083,74.87,45.4467,1.93,-,650.0342,1012.425,30.1108,,,,,
7379,17:00 10/11/2024,1.9258,10.2758,127.8792,89.5983,50.4933,1.9233,-,777.8733,1012.4617,27.6592,,,,,
7380,18:00 10/11/2024,1.9292,10.6242,105.3883,103.2367,54.1283,1.92,-,1510.1192,1012.8217,27.4542,,,,,
7381,19:00 10/11/2024,1.9383,13.1858,66.7117,140.0958,67.0175,1.9217,-,2379.9375,1013.3917,27.8342,,,,,
7382,20:00 10/11/2024,1.9333,10.6492,65.4958,186.3917,97.8092,1.9208,-,2041.7233,1014.3417,27.9333,,,,,
7383,21:00 10/11/2024,1.9267,11.4575,67.7217,210.2767,129.8967,1.9192,-,1308.4125,1014.9358,27.9467,,,,,
7384,22:00 10/11/2024,1.9242,11.7717,77.5,189.1617,125.2183,1.9175,-,1147.1133,1015.0167,28.1467,,,,,
7385,23:00 10/11/2024,1.9267,12.345,67.925,172.3758,126.0317,1.92,-,1352.9158,1014.8767,28.6925,,,,,
7386,00:00 11/11/2024,1.9242,11.5517,75.8492,178.6233,135.1508,1.92,-,1156.4658,1014.4725,28.79,,,,,
7387,01:00 11/11/2024,1.9283,10.1383,64.9058,166.9142,132.235,1.9192,-,1114.7958,1014.15,28.74,,,,,
7388,02:00 11/11/2024,1.9317,9.38,41.19,177.1258,129.6667,1.9192,-,1080.8817,1013.6558,28.6933,,,,,
7389,03:00 11/11/2024,1.9308,9.8617,39.9683,182.18,132.99,1.9208,-,1039.1658,1013.1725,28.6683,,,,,
7390,04:00 11/11/2024,1.9292,10.585,33.81,168.4058,130.7625,1.9208,-,1085.1058,1012.9092,28.3833,,,,,
7391,05:00 11/11/2024,1.9267,12.22,23.9217,179.6933,130.69,1.9158,-,1174.2283,1013.275,27.5533,,,,,
7392,06:00 11/11/2024,1.9242,12.0033,23.6675,177.25,133.8175,1.915,-,1649.765,1013.9242,27.3892,,,,,
7393,07:00 11/11/2024,1.9325,15.4458,27.7125,200.1267,148.4717,1.915,-,1730.6942,1014.5933,27.2867,,,,,
7394,08:00 11/11/2024,1.9267,18.1858,34.2083,224.4567,169.1642,1.9158,-,1950.1908,1015.2058,27.4117,,,,,
7395,09:00 11/11/2024,1.9192,21.6425,57.6858,271.2317,196.0275,1.9108,-,1712.6433,1015.5567,27.4133,,,,,
7396,10:00 11/11/2024,1.9217,29.06,81.8417,267.6917,191.3908,1.9092,-,1788.0525,1015.495,27.6742,,,,,
7397,11:00 11/11/2024,1.9217,24.63,117.8083,239.835,151.9908,1.9133,-,1607.6483,1014.8058,28.5608,,,,,
7398,12:00 11/11/2024,1.925,20.7175,163.4692,187.94,108.4175,1.9175,-,1702.8292,1013.6717,29.3658,,,,,
7399,13:00 11/11/2024,1.9283,21.3833,177.8308,154.5975,87.735,1.9217,-,1215.185,1012.595,30.0842,,,,,
7400,14:00 11/11/2024,1.9333,21.2692,182.8842,140.3,87.1992,1.925,-,1142.86,1011.6158,30.4508,,,,,
7401,15:00 11/11/2024,1.9358,16.7167,166.1033,133.0842,86.9792,1.9258,-,965.1992,1011.145,30.2933,,,,,
7402,16:00 11/11/2024,1.9317,15.6017,172.5483,122.5483,79.8983,1.9292,-,1054.0867,1010.9217,29.945,,,,,
7403,17:00 11/11/2024,1.9275,14.5783,153.6117,135.7442,85.335,1.9208,-,1578.09,1011.2375,27.5533,,,,,
7404,18:00 11/11/2024,1.9275,13.6967,129.8775,160.2592,86.3033,1.9158,-,1917.16,1011.8375,27.55,,,,,
7405,19:00 11/11/2024,1.9275,12.0792,74.73,199.1317,102.625,1.9142,-,1587.2558,1012.5783,27.9008,,,,,
7406,20:00 11/11/2024,1.9225,10.1117,42.5233,204.5083,114.9075,1.9142,-,1232.815,1013.4233,27.8633,,,,,
7407,21:00 11/11/2024,1.9158,10.0792,38.515,162.3842,113.4333,1.9083,-,1295.3333,1013.9308,28.02,,,,,
7408,22:00 11/11/2024,1.9125,8.5725,39.7975,161.5025,112.8333,1.9067,-,1518.4183,1014.1225,28.2983,,,,,
7409,23:00 11/11/2024,1.9142,7.545,37.2125,156.54,112.6192,1.9083,-,1097.8408,1013.945,28.8858,,,,,
7410,00:00 12/11/2024,1.9142,6.985,41.6358,132.3058,95.1008,1.9075,-,875.7025,1013.6058,29.0217,,,,,
7411,01:00 12/11/2024,1.9142,7.2217,41.96,122.3517,83.3533,1.91,-,1119.7142,1012.9517,29.0242,,,,,
7412,02:00 12/11/2024,1.915,6.3575,78.3267,133.0392,95.5008,1.9083,-,1179.0283,1012.5025,29.0542,,,,,
7413,03:00 12/11/2024,1.9167,6.1475,44.3612,132.93,104.7558,1.9075,-,1101.7067,1012.2125,29.0592,,,,,
7414,04:00 12/11/2024,1.9158,6.0817,34.42,128.5642,108.2708,1.9075,-,1122.6733,1012.2867,28.75,,,,,
7415,05:00 12/11/2024,1.915,6.2075,24.629,127.9183,109.8075,1.9025,-,1248.6958,1012.5383,27.7033,,,,,
7416,06:00 12/11/2024,1.9025,5.9792,54.605,118.9808,103.3133,1.8967,-,1213.2892,1012.8233,27.5042,,,,,
7417,07:00 12/11/2024,1.9008,5.7417,36.8162,114.8717,93.3292,1.8967,-,1385.7408,1013.3933,27.525,,,,,
7418,08:00 12/11/2024,1.905,5.8658,48.6067,113.3592,94.2892,1.8958,-,1775.1725,1013.9325,27.54,,,,,
7419,09:00 12/11/2024,1.895,6.0217,34.3645,112.7942,82.1917,1.8867,-,1044.9658,1014.5233,27.5642,,,,,
7420,10:00 12/11/2024,1.8917,6.2783,53.1983,104.5892,63.1608,1.885,-,763.8808,1014.6617,27.8992,,,,,
7421,11:00 12/11/2024,1.8933,6.6725,70.7383,74.9983,38.6858,1.8883,-,796.3167,1014.1258,29.04,,,,,
7422,12:00 12/11/2024,1.9025,7.7967,85.7925,50.9158,31.1267,1.9,-,779.2033,1012.96,29.5608,,,,,
7423,13:00 12/11/2024,2.0275,10.235,106.6792,49.8692,26.7508,2.0217,-,662.6333,1011.595,30.3008,,,,,
7424,14:00 12/11/2024,2.3142,10.8442,124.7483,65.3217,38.9292,2.3117,-,748.2767,1010.4783,30.2242,,,,,
7425,15:00 12/11/2024,2.3158,10.4942,129.0583,76.0575,48.185,2.3133,-,715.875,1009.7817,30.0825,,,,,
7426,16:00 12/11/2024,2.2792,10.7208,119.8217,87.6242,53.07,2.2783,-,771.8875,1009.6208,29.7517,,,,,
7427,17:00 12/11/2024,2.255,11.2408,110.6408,99.1775,61.7067,2.2492,-,1183.0942,1009.5817,27.6658,,,,,
7428,18:00 12/11/2024,2.2392,10.42,97.1825,107.5783,69.2817,2.2267,-,1559.4375,1009.7017,27.7208,,,,,
7429,19:00 12/11/2024,2.215,9.21,87.3667,133.775,94.9433,2.2083,-,1406.2733,1010.0883,27.9275,,,,,
7430,20:00 12/11/2024,2.195,8.9175,64.7475,162.4983,107.0525,2.1875,-,1309.9442,1010.7142,27.9867,,,,,
7431,21:00 12/11/2024,2.1875,8.6383,57.2992,170.1058,118.52,2.1775,-,1295.9292,1011.1208,28.0117,,,,,
7432,22:00 12/11/2024,2.1783,7.9375,64.2217,154.8492,118.145,2.1708,-,1205.405,1011.2775,28.1933,,,,,
7433,23:00 12/11/2024,2.1783,6.8142,58.4983,129.3325,103.75,2.1692,-,1004.0542,1011.275,28.935,,,,,
7434,00:00 13/11/2024,2.1725,6.1458,74.5467,117.8992,75.9342,2.1683,-,863.2217,1010.9875,28.9875,,,,,
7435,01:00 13/11/2024,2.1692,5.8767,66.1508,93.8592,64.9267,2.1675,-,826.3542,1010.5825,29.065,,,,,
7436,02:00 13/11/2024,2.1675,5.99,74.5508,88.1942,59.6625,2.16,-,779.5967,1010.0992,29.065,,,,,
7437,03:00 13/11/2024,2.1658,6.0692,63.28,85.0767,58.6567,2.16,-,828.4875,1009.8033,29.0425,,,,,
7438,04:00 13/11/2024,2.1667,6.3117,54.3618,82.9442,60.6492,2.1592,-,799.4975,1009.8483,28.8267,,,,,
7439,05:00 13/11/2024,2.1608,5.8633,39.9555,81.6192,61.9725,2.1525,-,938.8742,1010.0167,27.6825,,,,,
7440,06:00 13/11/2024,2.1508,5.6917,47.9517,70.0158,58.6592,2.145,-,968.8417,1010.5642,27.4875,,,,,
7441,07:00 13/11/2024,2.1558,5.7425,53.7457,70.7533,57.1292,2.1458,-,1161.5633,1011.2817,27.545,,,,,
7442,08:00 13/11/2024,2.155,5.3933,40.8889,84.6683,56.5675,2.145,-,1497.7358,1012.01,27.5775,,,,,
7443,09:00 13/11/2024,2.1467,5.9158,51.1608,85.64,56.3567,2.1417,-,1037.2392,1012.43,27.5417,,,,,
7444,10:00 13/11/2024,2.1508,6.5983,73.1967,86.0225,56.28,2.1383,-,984.7342,1012.6742,28.035,,,,,
7445,11:00 13/11/2024,2.1567,8.3117,92.9033,75.2408,55.449,2.1492,-,719.9183,1012.06,30.02,,,,,
7446,12:00 13/11/2024,0.9792,8.5317,105.6117,44.5458,43.1742,1.0975,-,682.805,1011.0142,31.7825,,,,,
7447,13:00 13/11/2024,0.0,8.1325,113.4225,30.2983,32.9042,1.4417,-,532.705,1009.9075,32.8217,,,,,
7448,14:00 13/11/2024,0.0,8.3333,136.0292,35.1242,31.2683,1.615,-,568.1642,1009.1325,33.3625,,,,,
7449,15:00 13/11/2024,0.1233,8.3908,119.3008,49.4767,38.06,1.8483,-,576.6558,1008.545,33.0508,,,,,
7450,16:00 13/11/2024,1.4742,6.6308,106.2083,62.5917,45.8042,1.4708,-,619.9117,1008.415,30.9508,,,,,
7451,17:00 13/11/2024,1.465,6.3933,89.7083,79.8275,46.8983,1.4617,-,790.6158,1008.6133,28.1158,,,,,
7452,18:00 13/11/2024,1.4583,6.1425,78.8533,87.2167,39.1808,1.455,-,890.6358,1008.9142,27.45,,,,,
7453,19:00 13/11/2024,1.4533,5.8642,73.5,82.175,42.3617,1.4517,-,979.3617,1009.5325,27.725,,,,,
7454,20:00 13/11/2024,1.45,5.8625,76.83,80.765,50.5192,1.4475,-,957.9658,1010.2892,27.7725,,,,,
7455,21:00 13/11/2024,1.4467,5.5883,65.42,88.47,53.9958,1.4442,-,977.0683,1010.9408,27.9167,,,,,
7456,22:00 13/11/2024,1.4442,5.5833,55.6025,80.7825,55.415,1.4433,-,1028.2008,1011.0792,28.1933,,,,,
7457,23:00 13/11/2024,1.445,5.31,71.5482,72.0983,55.9367,1.445,-,952.6975,1010.8167,28.9575,,,,,
7458,00:00 14/11/2024,1.4492,4.7558,54.1355,77.8242,56.9725,1.4475,-,927.6883,1010.4925,29.205,,,,,
7459,01:00 14/11/2024,1.4467,5.2133,62.4033,79.9683,58.6133,1.4458,-,906.3725,1010.085,29.2292,,,,,
7460,02:00 14/11/2024,1.4475,5.1692,48.5,87.1858,71.6067,1.445,-,890.8517,1009.6383,29.2258,,,,,
7461,03:00 14/11/2024,1.4492,5.1967,84.8575,87.1758,69.8858,1.445,-,832.7083,1009.2442,29.2067,,,,,
7462,04:00 14/11/2024,1.4467,5.175,66.6356,78.5425,64.4267,1.4417,-,806.1858,1009.3333,28.9717,,,,,
7463,05:00 14/11/2024,1.4392,4.4008,31.5945,74.85,64.6192,1.4392,-,954.6617,1009.69,27.4108,,,,,
7464,06:00 14/11/2024,1.4392,4.8825,71.56,71.6925,59.9283,1.4358,-,1034.0367,1010.29,27.2967,,,,,
7465,07:00 14/11/2024,1.4375,4.6858,82.4286,74.1192,57.5958,1.4325,-,1349.8167,1010.9917,27.3292,,,,,
7466,08:00 14/11/2024,1.4317,4.125,67.1125,81.4992,56.7533,1.4292,-,1327.1775,1011.7808,27.28,,,,,
7467,09:00 14/11/2024,1.43,4.6125,40.696,82.1533,56.47,1.43,-,1123.79,1012.485,27.43,,,,,
7468,10:00 14/11/2024,1.4325,4.6933,41.2167,69.8842,56.3225,1.43,-,853.0092,1012.4817,27.8092,,,,,
7469,11:00 14/11/2024,1.4383,5.125,63.2067,69.38,56.2708,1.4333,-,864.1292,1011.9125,29.2767,,,,,
7470,12:00 14/11/2024,1.44,5.3925,67.5917,76.8433,56.25,1.4375,-,860.3417,1010.8375,30.0417,,,,,
7471,13:00 14/11/2024,1.4492,5.7133,55.9133,73.9225,56.24,1.4408,-,729.6508,1009.6167,30.6667,,,,,
7472,14:00 14/11/2024,1.4492,5.8167,54.7433,75.5992,-,1.4417,-,826.9325,1008.5775,30.415,,,,,
7473,15:00 14/11/2024,1.4492,5.7725,49.9308,75.6025,56.165,1.4433,-,775.915,1007.8692,30.2492,,,,,
7474,16:00 14/11/2024,1.45,5.6725,48.115,88.3942,52.7558,1.4433,-,828.1742,1007.6908,29.9017,,,,,
7475,17:00 14/11/2024,1.4417,5.5983,58.4825,102.67,54.8575,1.4383,-,976.6983,1007.8167,27.6308,,,,,
7476,18:00 14/11/2024,1.4383,5.07,65.2417,108.8683,57.4533,1.4342,-,1163.2233,1008.035,27.4392,,,,,
7477,19:00 14/11/2024,1.4383,5.3108,57.0217,106.7017,58.0142,1.4325,-,905.8658,1008.6342,27.6442,,,,,
7478,20:00 14/11/2024,1.4333,4.8383,56.3909,69.2225,52.97,1.4325,-,950.4542,1009.2975,27.8258,,,,,
7479,21:00 14/11/2024,1.4308,5.055,50.71,43.4592,44.3458,1.43,-,828.97,1009.7525,27.8825,,,,,
7480,22:00 14/11/2024,1.43,5.0775,49.5164,35.6108,41.7217,1.43,-,841.2117,1009.9275,28.2833,,,,,
7481,23:00 14/11/2024,1.4317,4.5958,50.209,33.3867,40.3692,1.4333,-,759.4758,1009.6975,29.1633,,,,,
7482,00:00 15/11/2024,1.4367,4.1725,61.655,33.3808,32.7242,1.4333,-,696.15,1009.4575,29.3292,,,,,
7483,01:00 15/11/2024,1.4358,3.7892,67.458,29.4542,32.7042,1.4333,-,682.6292,1009.2383,29.2583,,,,,
7484,02:00 15/11/2024,1.4358,4.1808,99.3486,35.9675,30.3917,1.4342,-,652.9042,1008.9733,29.2575,,,,,
7485,03:00 15/11/2024,1.4375,3.9383,118.2871,38.0275,32.9775,1.4375,-,634.7483,1008.8617,29.2983,,,,,
7486,04:00 15/11/2024,1.435,3.83,35.1544,38.5558,34.4383,1.4375,-,654.5908,1008.8783,28.9808,,,,,
7487,05:00 15/11/2024,1.4308,4.1058,49.7622,42.8225,35.1583,1.4283,-,761.6725,1009.2908,27.5933,,,,,
7488,06:00 15/11/2024,1.43,4.0175,47.39,43.8358,30.7342,1.4275,-,836.3583,1009.915,27.4233,,,,,
7489,07:00 15/11/2024,1.4292,4.3267,48.2483,50.3717,35.6567,1.425,-,1022.5242,1010.5042,27.3733,,,,,
7490,08:00 15/11/2024,1.4267,4.1458,30.6813,63.2167,39.205,1.4242,-,1211.5083,1011.2083,27.385,,,,,
7491,09:00 15/11/2024,1.4267,4.1825,27.1889,63.3658,42.2758,1.4225,-,1097.7625,1011.695,27.2417,,,,,
7492,10:00 15/11/2024,1.4292,4.2492,24.2833,74.135,42.23,1.4217,-,1017.9617,1011.4992,27.7583,,,,,
7493,11:00 15/11/2024,1.4308,4.4175,40.7925,82.9283,40.2067,1.4308,-,866.4033,1010.7192,29.3133,,,,,
7494,12:00 15/11/2024,1.4383,5.4375,69.6933,99.8258,48.835,1.4333,-,987.695,1009.7008,30.1708,,,,,
7495,13:00 15/11/2024,1.44,5.665,87.8975,104.7617,52.9717,1.44,-,735.2275,1008.5017,30.7883,,,,,
7496,14:00 15/11/2024,1.4417,5.6825,98.8125,98.4842,54.9533,1.44,-,798.315,1007.3175,30.5767,,,,,
7497,15:00 15/11/2024,1.4425,5.7258,98.9758,87.7958,55.7658,1.44,-,780.7483,1006.7242,30.7883,,,,,
7498,16:00 15/11/2024,1.4442,5.6442,107.3317,96.9358,56.0658,1.4417,-,808.0308,1006.3942,30.305,,,,,
7499,17:00 15/11/2024,1.435,5.2683,105.4317,106.3275,56.1733,1.4342,-,988.4558,1006.2442,27.96,,,,,
7500,18:00 15/11/2024,1.4308,4.7692,72.5092,109.0525,57.8458,1.43,-,923.8133,1006.745,27.2683,,,,,
